Name,Term,ES,NES,NOM p-val,FDR q-val,FWER p-val,Tag %,Gene %,Lead_genes
prerank,HALLMARK_PANCREAS_BETA_CELLS,7.312808e-01,1.380563e+00,7.258938e-02,6.564925e-01,4.870000e-01,4/7,16.34%,INSM1;ABCC8;PAX6;DPP4
prerank,HALLMARK_ANGIOGENESIS,5.837576e-01,1.286298e+00,8.517034e-02,9.914770e-01,8.870000e-01,12/28,22.29%,CCND2;VCAN;VTN;CXCL6;POSTN;MSX1;OLR1;PF4;S100A4;COL3A1;LPL;STC1
prerank,HALLMARK_KRAS_SIGNALING_UP,5.340581e-01,1.253383e+00,2.100000e-02,9.568234e-01,9.600000e-01,40/103,23.37%,ADAMDEC1;CCND2;ETV1;RBP4;LCP1;PPBP;IL33;ABCB1;HSD11B1;F13A1;CCL20;TLR8;ADGRA2;MMP10;IGF2;CMKLR1;ANGPTL4;ITGB2;HDAC9;SPON1;GADD45G;PTPRR;MMP11;LY96;APOD;ITGBL1;DOCK2;ADAM8;IGFBP3;MYCN;F2RL1;SPRY2;SEMA3B;FGF9;PRDM1;ARG1;CLEC4A;MMP9;TNFRSF1B;SCN1B
prerank,HALLMARK_ALLOGRAFT_REJECTION,5.257008e-01,1.248005e+00,4.000000e-03,7.650256e-01,9.670000e-01,71/149,31.86%,NOS2;CCL13;GZMB;CCND2;CXCL13;CXCL9;CCL11;CCR5;IL2;CRTAM;IFNG;CCL7;IL10;IL6;CCL19;CCL4;CD28;CD247;ELANE;FGR;ITGB2;CCR1;HDAC9;CD1D;ICAM1;IRF4;PF4;PRKCB;PRF1;CD7;ACHE;GPR65;NLRP3;IL2RB;TLR2;IL11;CD80;CD3G;SOCS1;CCR2;TRAT1;IL12RB1;FASLG;NPM1;MMP9;GZMA;ITGAL;KLRD1;CD86;GCNT1;WAS;CFP;IL16;PRKCG;NCF4;LY86;TIMP1;TLR6;F2R;LTB;IFNAR2;HIF1A;PTPN6;CD47;CD3D;TAP1;CD8B;BCL3;NCR1;TLR1;IL18RAP
prerank,HALLMARK_APICAL_SURFACE,5.396017e-01,1.178427e+00,2.042042e-01,1.000000e+00,1.000000e+00,9/26,19.06%,GATA3;PKHD1;CD160;LYPD3;EFNA5;MDGA1;IL2RB;SHROOM2;CX3CL1
prerank,HALLMARK_KRAS_SIGNALING_DN,5.194948e-01,1.176113e+00,1.280000e-01,1.000000e+00,1.000000e+00,14/47,17.16%,COL2A1;TCL1A;IFNG;PKP1;GDNF;ZBTB16;EGF;IL5;NPHS1;LYPD3;TENM2;KRT5;SERPINB2;CD80
prerank,HALLMARK_INFLAMMATORY_RESPONSE,4.943062e-01,1.171900e+00,5.100000e-02,9.469224e-01,1.000000e+00,59/141,29.89%,CSF3;AQP9;FFAR2;CXCL9;CCR7;PIK3R5;CCL7;APLNR;CXCL6;IL10;LTA;IL6;ADGRE1;CCL20;TACR1;SERPINE1;PDPN;TNFAIP6;CMKLR1;OLR1;CD69;FZD5;ITGB3;IFITM1;ICAM1;GPC3;TNFRSF9;SELL;PTGER4;CCL17;SPHK1;MET;NLRP3;IL2RB;TLR2;ICAM4;CD48;EBI3;C5AR1;CX3CL1;CD70;SELE;P2RX7;TNFRSF1B;SCN1B;CXCL8;IL1R1;SCARF1;GPR183;TIMP1;ITGB8;LY6E;CLEC5A;ACVR1B;PVR;HIF1A;CYBB;LAMP3;CDKN1A
prerank,HALLMARK_APICAL_JUNCTION,4.681856e-01,1.113757e+00,1.190000e-01,1.000000e+00,1.000000e+00,42/147,22.80%,CDH8;CLDN14;ACTG2;ACTN2;COL17A1;VCAN;ACTN3;JAM3;NLGN3;CDH4;VCAM1;CDH15;MDK;LAMA3;ACTA1;CLDN11;TGFBI;CADM2;ALOX15B;ICAM1;PPP2R2C;RHOF;MAPK11;ICAM2;ADAM23;CDH3;ACTB;DSC1;ICAM4;NRXN2;SHROOM2;CX3CL1;TNFRSF11B;RRAS;CLDN9;SORBS3;PFN1;CD274;VWF;IKBKG;SIRPA;MMP9
prerank,HALLMARK_IL6_JAK_STAT3_SIGNALING,4.810527e-01,1.110770e+00,1.960000e-01,1.000000e+00,1.000000e+00,23/74,23.12%,CXCL13;CXCL9;PIK3R5;CCL7;PLA2G2A;ITGA4;IL6;CCR1;IL17RB;ITGB3;SOCS3;PF4;HMOX1;CD44;TNFRSF12A;TLR2;SOCS1;A2M;EBI3;CXCL1;IL12RB1;PDGFC;TNFRSF1B
prerank,HALLMARK_COAGULATION,4.796695e-01,1.110441e+00,1.970000e-01,1.000000e+00,1.000000e+00,22/75,22.80%,FGA;MASP2;FGG;C8G;COMP;SERPINE1;MMP8;MMP10;OLR1;APOA1;MMP11;ITGB3;PF4;MMP7;SERPINB2;C1QA;DPP4;A2M;CLU;VWF;LEFTY2;MMP9
prerank,HALLMARK_EPITHELIAL_MESENCHYMAL_TRANSITION,4.650936e-01,1.107995e+00,1.520000e-01,1.000000e+00,1.000000e+00,58/146,31.16%,NTM;LRRC15;COL5A3;SCG2;TGM2;SFRP4;VCAN;GREM1;NT5E;CADM1;COMP;SNAI2;CXCL6;COL6A3;IL6;POSTN;SERPINE1;FOXC2;MSX1;VCAM1;VEGFC;FAP;LAMA3;DKK1;TGFBI;DCN;BDNF;ITGB3;FBN2;DST;CD44;IGFBP3;TNFRSF12A;APLP1;SDC1;MYLK;SERPINE2;COL3A1;TNFRSF11B;RHOB;CXCL1;LOXL2;CXCL8;PLOD2;FBLN1;DAB2;LAMC2;TIMP1;GJA1;MYL9;SFRP1;PVR;PDGFRB;CD59;COL11A1;ACTA2;FZD8;FBN1
prerank,HALLMARK_ESTROGEN_RESPONSE_LATE,4.709582e-01,1.095779e+00,2.480000e-01,1.000000e+00,1.000000e+00,30/83,28.82%,GPER1;TPSAB1;CXCL14;OLFM1;ASCL1;LTF;PGR;MDK;ANXA9;IL17RB;CACNA2D2;NMU;MAPT;PRKAR2B;CAV1;CD44;AGR2;BATF;SEMA3B;TIAM1;SFN;SCARB1;ZFP36;EGR3;LAMC2;CCND1;TOP2A;SLC16A1;S100A9;PTPN6
prerank,HALLMARK_BILE_ACID_METABOLISM,5.020151e-01,1.072254e+00,3.603239e-01,1.000000e+00,1.000000e+00,9/18,31.35%,AQP9;CH25H;BMP6;APOA1;CYP7B1;PRDX5;SOD1;HSD3B7;RXRG
prerank,HALLMARK_CHOLESTEROL_HOMEOSTASIS,4.927963e-01,1.064655e+00,3.945783e-01,1.000000e+00,1.000000e+00,10/22,26.79%,PPARG;TNFRSF12A;LPL;CLU;SEMA3B;ALCAM;ALDOC;LGALS3;GUSB;ERRFI1
prerank,HALLMARK_COMPLEMENT,4.508387e-01,1.059200e+00,3.230000e-01,1.000000e+00,1.000000e+00,32/108,25.84%,PRSS3;GZMB;MMP12;ACTN2;CR1;PIK3R5;GATA3;LTF;IL6;SERPINE1;MMP8;OLR1;CDH13;PLA2G7;GZMK;ZEB1;SERPINB2;C1QA;FCN1;DPP4;PIK3CG;CLU;HSPA1A;PFN1;CXCL1;PLA2G4A;GZMA;SPOCK2;LGALS3;WAS;TIMP1;CDK5R1
prerank,HALLMARK_IL2_STAT5_SIGNALING,4.455165e-01,1.044755e+00,3.400000e-01,1.000000e+00,1.000000e+00,35/114,24.57%,CCND2;TNFSF11;CD79B;TGM2;ABCB1;GATA1;DRC1;NT5E;IL10;TNFRSF18;FGL2;IL1RL1;IRF4;TNFRSF9;AGER;SELL;CD44;GPR65;IL2RB;BATF;TNFRSF4;APLP1;CD48;ADAM19;MUC1;SOCS1;TNFRSF8;RHOB;TIAM1;ALCAM;TNFRSF1B;TLR7;ICOS;GBP4;CD86
prerank,HALLMARK_XENOBIOTIC_METABOLISM,4.442821e-01,1.012945e+00,4.650000e-01,1.000000e+00,1.000000e+00,21/51,33.82%,AQP9;RBP4;VTN;HSD11B1;TDO2;SERPINE1;FBP1;HMOX1;ASL;TTPA;ARG2;ARG1;FBLN1;IL1R1;APOE;IGF1;CD36;RAP1GAP;VNN1;ID2;BCAR1
prerank,HALLMARK_ADIPOGENESIS,4.414911e-01,1.002974e+00,4.900000e-01,1.000000e+00,1.000000e+00,18/52,35.21%,ORM1;FABP4;OMD;PPARG;ANGPTL4;UBC;MYLK;LPL;SCARB1;SOD1;ANGPT1;APOE;ALDOA;CD36;VEGFB;LEP;FZD4;ENPP2
prerank,HALLMARK_E2F_TARGETS,-1.966887e-01,-1.000000e+00,1.000000e+00,9.185185e-01,4.496124e-01,69/69,81.25%,WEE1;MCM2;RRM2;DNMT1;MLH1;EZH2;MCM5;NASP;MCM7;TACC3;SRSF2;KIF2C;MYC;BIRC5;CDKN1B;RBBP7;PSMC3IP;BRCA2;PCNA;RPA3;PRKDC;TP53;TUBB;HELLS;BRMS1L;STMN1;NOLC1;BRCA1;MKI67;HMGA1;CDC25B;RAD50;HMGB2;PNN;POLD1;AURKB;MYBL2;RFC3;PMS2;MSH2;MCM4;NBN;ILF3;CDK4;MELK;CDKN2A;RAD51C;SMC3;NUP107;PTTG1;PLK1;CDC25A;UBE2T;CCNE1;CDKN2C;CHEK2;AURKA;RAD21;SMC1A;CDK1;CDC20;CHEK1;LMNB1;E2F8;CDKN1A;TOP2A;ORC6;TFRC;DIAPH3
prerank,HALLMARK_ESTROGEN_RESPONSE_EARLY,4.225113e-01,9.733482e-01,5.460000e-01,1.000000e+00,1.000000e+00,30/68,33.38%,TGM2;OLFM1;PGR;DLC1;ANXA9;IL17RB;MAPT;CD44;PMAIP1;MUC1;SLC39A6;SEMA3B;TIAM1;SFN;SCARB1;DEPTOR;CLDN7;EGR3;CCND1;GJA1;IGF1R;TUBB2B;SLC16A1;INPP5F;HES1;KRT18;KLF4;RHOD;ABHD2;MYB
prerank,HALLMARK_UV_RESPONSE_UP,4.227636e-01,9.685181e-01,5.800000e-01,1.000000e+00,1.000000e+00,27/62,38.76%,COL2A1;ABCB1;OLFM1;IL6;MSX1;ICAM1;HMOX1;NTRK3;NAT1;RRAD;TYRO3;TFRC;RHOB;MAPK8IP2;ALDOA;ASNS;APOM;TAP1;CDKN1C;SOD2;CCND3;EPCAM;CTSV;FOS;JUNB;GLS;HYAL2
prerank,HALLMARK_FATTY_ACID_METABOLISM,4.378289e-01,9.584217e-01,5.770000e-01,1.000000e+00,1.000000e+00,14/30,39.08%,MIF;TDO2;HPGD;AOC3;CD1D;GPD1;PTPRG;BLVRA;ALDOA;CD36;VNN1;LGALS1;SERINC1;LDHA
prerank,HALLMARK_HEDGEHOG_SIGNALING,4.391340e-01,9.547351e-01,5.950000e-01,1.000000e+00,1.000000e+00,8/26,27.36%,SLIT1;SCG2;L1CAM;ACHE;OPHN1;NRP2;CDK5R1;GLI1
prerank,HALLMARK_MYOGENESIS,4.140007e-01,9.522532e-01,6.490000e-01,1.000000e+00,1.000000e+00,19/68,22.17%,ACTN2;ACTN3;APLNR;COL6A3;FST;ACTA1;CDH13;IGFBP7;APOD;IGFBP3;ACHE;SPHK1;KIFC3;MYLK;COL3A1;SORBS3;CLU;DAPK2;PTP4A3
prerank,HALLMARK_GLYCOLYSIS,4.014822e-01,9.328299e-01,6.870000e-01,1.000000e+00,1.000000e+00,24/74,27.11%,VCAN;NT5E;MIF;ANGPTL4;SDC2;TGFBI;DCN;GPC3;GPC4;CD44;IGFBP3;MET;SDC1;TPI1;DSC2;CLDN9;STC1;PLOD2;MERTK;SOD1;GUSB;CXCR4;PKP2;ALDOA
prerank,HALLMARK_HYPOXIA,3.912092e-01,9.176339e-01,7.610000e-01,1.000000e+00,1.000000e+00,33/99,29.96%,TGM2;MIF;PKP1;PGF;IL6;SERPINE1;BCAN;FBP1;ANGPTL4;SDC2;TGFBI;DCN;HAS1;GPC3;GPC4;CAV1;HMOX1;IGFBP3;S100A4;TGFB3;TPI1;STC1;ALDOC;PRDX5;SCARB1;ZFP36;CXCR4;ERRFI1;ALDOA;PPARGC1A;ANXA2;CDKN1A;CDKN1C
prerank,HALLMARK_PEROXISOME,4.142584e-01,9.019151e-01,6.853707e-01,1.000000e+00,1.000000e+00,10/26,31.35%,ABCB1;CADM1;ABCC8;CRABP2;PRDX5;SOD1;TOP2A;SOD2;HSD3B7;RXRG
prerank,HALLMARK_WNT_BETA_CATENIN_SIGNALING,4.037148e-01,8.960351e-01,7.230000e-01,1.000000e+00,1.000000e+00,4/34,11.78%,CCND2;DLL1;DKK1;WNT5B
prerank,HALLMARK_HEME_METABOLISM,3.847744e-01,8.528192e-01,7.920000e-01,1.000000e+00,1.000000e+00,14/37,33.25%,TAL1;GATA1;MPP1;SLC7A11;SNCA;ICAM4;TRIM58;TFRC;BLVRA;ASNS;RAP1GAP;CCND3;SPTA1;ADIPOR1
prerank,HALLMARK_ANDROGEN_RESPONSE,3.820470e-01,8.510689e-01,7.837838e-01,1.000000e+00,1.000000e+00,2/32,1.20%,AZGP1;TMPRSS2
prerank,HALLMARK_P53_PATHWAY,3.560736e-01,8.243797e-01,8.990000e-01,1.000000e+00,1.000000e+00,29/76,37.56%,CCND2;SERPINB5;ZBTB16;SLC7A11;CDH13;ALOX15B;RAP2B;HMOX1;S100A4;SPHK1;SDC1;RRAD;SOCS1;SFN;CDK5R1;ACVR1B;F2R;ZFP36L1;TAP1;CEBPA;CDKN1A;KLF4;CCND3;IL1A;TGFB1;DDIT3;PLXNB2;FOS;BAX
prerank,HALLMARK_SPERMATOGENESIS,3.751993e-01,8.228918e-01,8.150000e-01,1.000000e+00,1.000000e+00,13/29,48.26%,ALOX15;JAM3;TEKT2;SLC12A2;IL12RB2;PACRG;PEBP1;ACE;CDK1;AURKA;VDAC3;POMC;NF2
prerank,HALLMARK_UV_RESPONSE_DN,3.538166e-01,8.219393e-01,9.030000e-01,1.000000e+00,1.000000e+00,31/81,40.47%,PPARG;SNAI2;KIT;SERPINE1;DLC1;SDC2;BDNF;ITGB3;PRKAR2B;CAV1;MET;COL3A1;CDON;DAB2;GCNT1;GJA1;IGF1R;ANXA2;PDGFRB;PTEN;COL11A1;LPAR1;RUNX1;PIAS3;FYN;PTPRM;MGMT;ABCC1;ERBB2;ID1;MAP1B
prerank,HALLMARK_TNFA_SIGNALING_VIA_NFKB,3.414079e-01,8.085065e-01,9.620000e-01,1.000000e+00,1.000000e+00,84/138,56.43%,BCL2A1;CXCL6;IL23A;IL6;CCL20;CCL4;SERPINE1;TNFAIP6;OLR1;CD69;ICAM1;SOCS3;TNFRSF9;DUSP4;CD44;KLF2;SERPINB2;PTGER4;SPHK1;SERPINB8;TLR2;CD80;F2RL1;FOSL1;RHOB;CXCL1;CFLAR;ZFP36;EGR3;GPR183;CCND1;BIRC3;HES1;TAP1;CDKN1A;SOD2;KLF4;BIRC2;BCL3;ID2;NFKBIE;IL1A;PHLDA2;EFNA1;CCL2;TNF;CD83;FOS;JUNB;EDN1;BCL6;CEBPB;VEGFA;CSF1;NR4A3;CCRL2;STAT5A;CXCL3;IL7R;SMAD3;FOSL2;HBEGF;IER2;AREG;IFIT2;TNFAIP3;SDC4;INHBA;RELA;BMP2;TRIB1;IL1B;EGR2;EGR1;RIPK2;IER3;GCH1;GADD45B;PFKFB3;PLK2;JAG1;NR4A2;PLPP3;TNC
prerank,HALLMARK_INTERFERON_GAMMA_RESPONSE,3.368587e-01,7.940916e-01,9.650000e-01,1.000000e+00,1.000000e+00,53/121,44.97%,CXCL9;CCL7;IL6;VCAM1;FGL2;TNFAIP6;GPR18;CMKLR1;CD69;ICAM1;IRF4;SOCS3;OAS2;OASL;IL2RB;IL18BP;SOCS1;RNF213;CD274;PLA2G4A;GZMA;GBP4;CD86;IDO1;LY6E;FCGR1A;IFNAR2;HIF1A;PTPN6;TAP1;CDKN1A;SOD2;C1R;NLRC5;SLAMF7;IRF9;PSMB9;CCL2;ITGB7;BST2;TNFSF10;IFI27;IRF2;CD74;IL10RA;C1S;PNP;STAT3;KLRK1;CD40;B2M;JAK2;IL7
prerank,HALLMARK_NOTCH_SIGNALING,3.480334e-01,7.608828e-01,8.748749e-01,1.000000e+00,1.000000e+00,12/27,48.39%,DLL1;FZD5;WNT2;DTX1;CCND1;HES1;FZD7;SKP1;HEYL;MAML2;FBXW11;FZD1
prerank,HALLMARK_APOPTOSIS,3.228968e-01,7.594314e-01,9.830000e-01,1.000000e+00,1.000000e+00,45/105,43.13%,CCND2;IL6;DCN;CD69;PRF1;CAV1;HMOX1;CD44;PMAIP1;TNFRSF12A;IGFBP6;CLU;RHOB;CFLAR;FASLG;LGALS3;SOD1;EGR3;TIMP1;CCND1;F2R;TOP2A;PDGFRB;IGF2R;BIRC3;KRT18;TAP1;CDKN1A;FEZ1;SOD2;HSPB1;IL1A;ANXA1;TNF;DDIT3;TNFSF10;MGMT;BAX;CREBBP;ERBB2;LMNA;TIMP3;GPX4;HGF;PLAT
prerank,HALLMARK_REACTIVE_OXYGEN_SPECIES_PATHWAY,3.542745e-01,7.547621e-01,8.505517e-01,1.000000e+00,1.000000e+00,10/20,46.99%,HHEX;MPO;SOD1;CDKN2D;SOD2;JUNB;ATOX1;ABCC1;GPX4;G6PD
prerank,HALLMARK_PROTEIN_SECRETION,3.569760e-01,7.540371e-01,8.522613e-01,1.000000e+00,1.000000e+00,6/18,29.45%,GNAS;DST;SOD1;CD63;IGF2R;KRT18
prerank,HALLMARK_MYC_TARGETS_V2,-2.201659e-01,-6.863964e-01,9.583333e-01,9.481481e-01,9.457364e-01,12/12,78.21%,TCOF1;HSPD1;MCM5;DUSP2;MYC;NOLC1;MCM4;HK2;CDK4;PLK1;SORD;NPM1
prerank,HALLMARK_PI3K_AKT_MTOR_SIGNALING,2.896476e-01,6.636261e-01,9.930000e-01,1.000000e+00,1.000000e+00,34/68,52.69%,FGF17;PITX2;PRKCB;FGF22;PFN1;TIAM1;PLCB1;FASLG;SFN;CXCR4;CDKN1A;PTEN;IRAK4;PAK4;ARPC3;MAPK10;PRKAA2;GNGT1;DDIT3;CDK1;TRAF2;EGFR;AKT1;RAC1;CDK2;HRAS;MAPK9;CSNK2B;GRB2;PTPN11;VAV3;ACTR3;SLC2A1;MAPK1
prerank,HALLMARK_MTORC1_SIGNALING,2.876402e-01,6.625856e-01,9.960000e-01,1.000000e+00,1.000000e+00,31/62,51.68%,SLC7A11;FGL2;ITGB2;CORO1A;TPI1;TFRC;STC1;PLOD2;CFP;CXCR4;ALDOA;ASNS;CDKN1A;P4HA1;DDIT3;SLC7A5;ENO1;PPIA;LDHA;PSPH;PNP;AURKA;XBP1;G6PD;SORD;IDH1;HSPA5;CDC25A;PLK1;ACTR3;SLC2A1
prerank,HALLMARK_INTERFERON_ALPHA_RESPONSE,2.644209e-01,6.043337e-01,9.970000e-01,1.000000e+00,1.000000e+00,28/52,56.05%,IFITM1;SELL;OASL;GBP4;LY6E;CD47;TAP1;LAMP3;IRF9;PSMB9;BST2;IFI27;IRF2;CD74;SAMD9;C1S;CSF1;CCRL2;B2M;IL7;IFIT2;IL15;ISG20;LGALS3BP;IFIT3;RIPK2;GBP2;OAS1
prerank,HALLMARK_DNA_REPAIR,2.732199e-01,6.037952e-01,9.820000e-01,1.000000e+00,1.000000e+00,2/32,8.23%,POLD4;RAD51
prerank,HALLMARK_UNFOLDED_PROTEIN_RESPONSE,2.503987e-01,5.357389e-01,9.879639e-01,1.000000e+00,1.000000e+00,9/22,49.53%,NPM1;ASNS;CCL2;SLC7A5;SHC1;CEBPB;VEGFA;XBP1;HSPA5
prerank,HALLMARK_TGF_BETA_SIGNALING,2.411962e-01,5.345309e-01,9.970000e-01,1.000000e+00,1.000000e+00,11/34,40.22%,SERPINE1;SMAD6;NOG;LEFTY2;CDKN1C;TGFBR1;ID2;TGFB1;JUNB;RHOA;ID1
prerank,HALLMARK_MITOTIC_SPINDLE,2.266767e-01,5.264435e-01,1.000000e+00,1.000000e+00,1.000000e+00,36/84,53.07%,DOCK2;DST;RHOF;SHROOM2;OPHN1;NCK2;TIAM1;CCDC88A;CTTN;TOP2A;SOS1;PREX1;TUBGCP2;LMNB1;BCAR1;CDC42;PALLD;CDK1;ECT2;SMC1A;KIFAP3;ACTN4;PRC1;AURKA;NF1;CD2AP;ROCK1;FLNB;PLK1;FBXO5;ARF6;MYH9;FSCN1;HOOK3;SMC3;TBCD
prerank,HALLMARK_G2M_CHECKPOINT,2.084253e-01,4.852931e-01,1.000000e+00,1.000000e+00,1.000000e+00,29/81,45.60%,EGF;EFNA5;SLC12A2;ORC6;CCND1;PBK;TOP2A;HIF1A;WRN;CDC7;BCL3;LMNB1;CUL5;TGFB1;EWSR1;CHEK1;SLC7A5;CDC20;FANCC;CDK1;CCNA2;SMC1A;RAD21;EXO1;PRC1;AURKA;CDKN2C;MNAT1;SMAD3
prerank,HALLMARK_OXIDATIVE_PHOSPHORYLATION,1.962316e-01,4.368674e-01,9.990000e-01,1.000000e+00,1.000000e+00,22/36,67.89%,PHB2;NDUFA7;NDUFB1;ATP1B1;NDUFB8;NDUFA1;BAX;LDHA;GPX4;VDAC3;NDUFA3;IDH1;LDHB;NDUFS8;GOT2;NDUFS7;UQCRQ;COX5B;COX6A1;IDH2;OAT;NDUFB4
prerank,HALLMARK_MYC_TARGETS_V1,1.526712e-01,3.420295e-01,1.000000e+00,9.999799e-01,1.000000e+00,18/34,68.33%,U2AF1;PHB2;NPM1;CDC20;PPIA;LDHA;CCNA2;VDAC3;CDK2;GOT2;CDK4;MCM4;SF3A1;PSMC4;TFDP1;YWHAE;PSMD7;SMARCC1
